bid,created_time,updated_time,original_file_name,stored_file_name,board_id
1,2023-07-02,2023-07-02,1566107395_Iy9FM.jpeg,/board/images/1566107395_Iy9FM.jpeg,1
2,2023-07-02,2023-07-02,159972942316989745.jpeg,/board/images/159972942316989745.jpeg,2
3,2023-07-02,2023-07-02,160526860474258388.jpeg,/board/images/160526860474258388.jpeg,3
4,2023-07-02,2023-07-02,160671930379561385.jpeg,/board/images/160671930379561385.jpeg,4
5,2023-07-02,2023-07-02,164413793336789475.jpeg,/board/images/164413793336789475.jpeg,5
6,2023-07-02,2023-07-02,165043937203335226.jpeg,/board/images/165043937203335226.jpeg,6
7,2023-07-02,2023-07-02,165062048602971760.jpeg,/board/images/165062048602971760.jpeg,7
8,2023-07-02,2023-07-02,165468207735039506.jpeg,/board/images/165468207735039506.jpeg,8
9,2023-07-02,2023-07-02,165598080377838971.jpeg,/board/images/165598080377838971.jpeg,9
10,2023-07-02,2023-07-02,168805044334126685.jpeg,/board/images/168805044334126685.jpeg,10
